fecha,cota_mazar,pico_demanda_mw
2026-07-15,,5634.8
2026-07-25,2153.53,
2026-09-02,,5491.4
2026-09-17,2137.83,
2026-09-18,2138.05,
2026-09-19,2139.1,
2026-09-20,2139.14,4912.8
2026-09-21,2138.37,
2026-09-22,2138.34,
2026-09-25,2134.73,5282.2
2026-09-26,2134.06,5282.2
2026-09-27,2134.17,5166.4
2026-09-28,2133.6,4946.9
2026-09-29,2132.83,5334.1
2026-09-30,2132.024,4966.8
2026-10-01,2130.894,5049.8
2026-10-02,2130.462,5105.6
2026-10-03,2131.124,4639.2
2026-10-04,2132.054,4639.2
2026-10-05,2131.965,4750.9
2026-10-06,2131.274,5222.0
2026-10-07,2130.07,5268.4
2026-10-08,2128.5,5134.0
