fecha_objetivo,cota_predicha,demanda_predicha,cota_real,demanda_real,error_cota,error_demanda
2026-09-28,2133.12,5227.0,2133.6,4946.9,0.48,-280.1
2026-09-29,2132.42,5118.1,2132.83,5334.1,0.41,216.0
2026-09-30,2132.36,5202.4,2132.024,4966.8,-0.34,-235.6
2026-10-01,2131.52,5166.4,2130.894,5049.8,-0.63,-116.6
2026-10-02,2130.07,5049.8,2130.462,5105.6,0.39,55.8
2026-10-03,2129.68,5049.8,2131.124,4639.2,1.44,-410.6
2026-10-04,2130.7,5049.8,2132.054,4639.2,1.35,-410.6
2026-10-05,2132.06,4966.8,2131.965,4750.9,-0.09,-215.9
2026-10-06,2132.23,4750.9,2131.274,5222.0,-0.96,471.1
2026-10-07,2131.48,4750.9,2130.07,5268.4,-1.41,517.5
2026-10-08,2129.81,4750.9,2128.5,5134.0,-1.31,383.1
2026-10-09,2127.61,5134.0,,,,
